{
  "_fv": 13,
  "_type": "recipe",
  "definition": {
    "recipeType": "Crafting",
    "xpReward": 0.0,
    "cookingTime": 200,
    "recipeRetstackSize": 1,
    "group": "fertilisemachine",
    "recipeShapeless": false,
    "recipeSlots": [
      {
        "value": "Items.LEATHER"
      },
      {
        "value": "Blocks.IRON_BARS"
      },
      {
        "value": "CUSTOM:Fertiliser"
      },
      {
        "value": ""
      },
      {
        "value": "Items.IRON_INGOT"
      },
      {
        "value": "Blocks.PLANKS"
      },
      {
        "value": "Blocks.DISPENSER"
      },
      {
        "value": ""
      },
      {
        "value": ""
      }
    ],
    "recipeReturnStack": {
      "value": "CUSTOM:FertiliseMachine"
    },
    "name": "fertilise_machine_craft",
    "namespace": "mod"
  }
}