{
  "_fv": 13,
  "_type": "recipe",
  "definition": {
    "recipeType": "Crafting",
    "xpReward": 0.0,
    "cookingTime": 200,
    "recipeRetstackSize": 1,
    "group": "fertiliser",
    "recipeShapeless": false,
    "recipeSlots": [
      {
        "value": "Items.DYE#15"
      },
      {
        "value": "Items.DYE#15"
      },
      {
        "value": "Items.DYE#15"
      },
      {
        "value": "Items.DYE#15"
      },
      {
        "value": "Items.LEATHER"
      },
      {
        "value": "Items.DYE#15"
      },
      {
        "value": "Items.BONE"
      },
      {
        "value": "Blocks.BONE_BLOCK"
      },
      {
        "value": "Items.BONE"
      }
    ],
    "recipeReturnStack": {
      "value": "CUSTOM:Fertiliser"
    },
    "name": "fertiliser_craft",
    "namespace": "mod"
  }
}