{
  "_fv": 13,
  "_type": "tool",
  "definition": {
    "renderType": 0,
    "texture": "fertmachine",
    "customModelName": "Normal",
    "name": "Fertilise Machine",
    "specialInfo": [
      "Uses fertiliser for work",
      "It's way more effective than basic bonemeal!"
    ],
    "creativeTab": {
      "value": "CUSTOM:AllTheHelp"
    },
    "toolType": "Special",
    "harvestLevel": 1,
    "efficiency": 4.0,
    "attackSpeed": 1.0,
    "enchantability": 2,
    "damageVsEntity": 3.0,
    "usageCount": 4,
    "blocksAffected": [
      {
        "value": "Blocks.BARRIER"
      }
    ],
    "hasGlow": false,
    "repairItems": [],
    "stayInGridWhenCrafting": false,
    "damageOnCrafting": false,
    "onRightClickedInAir": {
      "name": "FertiliseMachineRightClickedInAir"
    }
  }
}