{
  "group": "fertiliser",
  "type": "minecraft:crafting_shaped",
  "pattern": [
    "012",
    "345",
    "678"
  ],
  "key": {
    "0": {
      "item": "minecraft:bone_meal"
    },
    "1": {
      "item": "minecraft:bone_meal"
    },
    "2": {
      "item": "minecraft:bone_meal"
    },
    "3": {
      "item": "minecraft:bone_meal"
    },
    "4": {
      "item": "minecraft:leather"
    },
    "5": {
      "item": "minecraft:bone_meal"
    },
    "6": {
      "item": "minecraft:bone"
    },
    "7": {
      "item": "minecraft:bone_block"
    },
    "8": {
      "item": "minecraft:bone"
    }
  },
  "result": {
    "item": "all_the_help_mod:fertiliser",
    "count": 1
  }
}