{
  "group": "fertilisemachine",
  "type": "minecraft:crafting_shaped",
  "pattern": [
    "012",
    " 45",
    "6  "
  ],
  "key": {
    "0": {
      "item": "minecraft:leather"
    },
    "1": {
      "item": "minecraft:iron_bars"
    },
    "2": {
      "item": "all_the_help_mod:fertiliser"
    },
    "4": {
      "item": "minecraft:iron_ingot"
    },
    "5": {
      "tag": "minecraft:planks"
    },
    "6": {
      "item": "minecraft:dispenser"
    }
  },
  "result": {
    "item": "all_the_help_mod:fertilise_machine",
    "count": 1
  }
}